N,M,dagster_time,dagster_return_code
6,21.862767934799194,5.583649396896362
7,56.56796884536743,16.04508066177368
8,821.0082292556763,403.7739951610565
